{
  "O+": {
    "mae": 6.104749411946035,
    "rmse": 7.832694109015853,
    "mean_demand": 42.464285714285715
  },
  "O-": {
    "mae": 2.3838207829825753,
    "rmse": 2.9930019877366916,
    "mean_demand": 13.991071428571429
  },
  "A+": {
    "mae": 4.378268470926167,
    "rmse": 5.4558730099034936,
    "mean_demand": 32.82440476190476
  },
  "A-": {
    "mae": 1.2517049285918709,
    "rmse": 1.6878459580491263,
    "mean_demand": 7.080357142857143
  },
  "B+": {
    "mae": 4.689457875402159,
    "rmse": 6.033478264798236,
    "mean_demand": 23.43452380952381
  },
  "B-": {
    "mae": 1.3133402091185873,
    "rmse": 1.6860564525911212,
    "mean_demand": 5.157738095238095
  },
  "AB+": {
    "mae": 1.897527464798027,
    "rmse": 2.432639472312645,
    "mean_demand": 10.964285714285714
  },
  "AB-": {
    "mae": 0.4868235600750875,
    "rmse": 0.6677207966255124,
    "mean_demand": 2.3422619047619047
  }
}