blood_group,total_donors,active_donors,eligible_donors,estimated_daily_supply,avg_daily_demand,supply_demand_ratio,status
O+,2083,1808,1829,18.29,43.96666666666667,0.41599696739954506,Shortage
O-,120,105,111,1.1099999999999999,13.2,0.08409090909090909,Shortage
A+,3015,2602,2654,26.54,31.133333333333333,0.8524625267665953,Balanced
A-,173,152,162,1.62,6.066666666666666,0.2670329670329671,Shortage
B+,3658,3172,3223,32.23,23.066666666666666,1.3972543352601154,Surplus
B-,214,189,196,1.96,4.366666666666666,0.4488549618320611,Shortage
AB+,4978,4302,4411,44.11,10.266666666666667,4.296428571428571,Surplus
AB-,302,268,279,2.79,1.8333333333333333,1.521818181818182,Surplus
